id;title;state;description
1;Officer Saudi New;vortals;payment
2;reinvent;Brazil Shirt;killer 1080p Chicken
3;artificial Omani;Towels Persistent Samoa;Cotton
4;Soft African;Global Program;Optimization invoice payment
5;EXE;Directives;Analyst
6;Indiana;Chips Associate;Business-focused
7;override Connecticut;Tuna Business-focused;background
8;neutral;Soft firewall;Optimization Guinea
9;connecting Republic complexity;architectures hack Clothing;Implementation
10;synthesize program Plastic;auxiliary Card;quantifying superstructure
